brand,processor_brand,processor_name,processor_gnrtn,ram_gb,ssd,hdd,os,os_bit,graphic_card_gb,Price,Number of Ratings,Number of Reviews
0,0,0,0,0,0,0,0,0,0,34649,3,0
1,0,0,0,0,0,0,0,0,0,38999,65,5
1,0,0,0,0,0,0,0,0,0,39999,8,1
0,0,1,0,1,1,1,0,1,1,69990,0,0
0,0,2,1,0,0,2,0,0,0,26990,0,0
0,0,2,1,0,0,2,0,0,0,22990,0,0
0,0,2,1,0,0,2,0,1,0,21990,31,3
0,0,1,0,1,0,0,0,1,1,58799,0,0
1,0,1,0,0,0,0,0,1,0,49999,0,0
2,1,3,0,0,0,2,0,1,2,59990,1946,240
2,1,3,0,0,0,2,0,1,3,93700,259,47
2,1,3,0,0,0,2,0,1,2,72990,425,67
3,0,2,1,0,0,2,0,0,0,17490,1120,196
0,0,0,2,0,2,1,0,0,0,35990,0,0
4,0,0,2,1,2,1,0,0,0,56490,0,0
4,0,1,2,1,2,1,0,0,0,65390,0,0
1,0,2,1,0,2,1,0,0,0,31999,286,19
4,0,2,1,1,2,1,0,0,0,32490,58,6
1,0,2,1,0,2,1,0,0,0,31799,0,0
0,0,2,1,0,2,1,0,0,0,29890,7,0
0,0,2,1,0,0,0,0,0,0,23990,15279,1947
4,0,0,3,0,0,0,0,0,0,32955,311,27
4,0,1,3,0,0,0,0,1,1,46200,47,7
0,0,0,2,0,2,1,0,0,0,34429,37,6
1,0,0,0,1,2,1,0,1,0,37990,2080,235
0,0,0,2,0,2,1,0,1,0,35990,1479,181
0,0,0,0,1,2,1,0,0,0,33980,67,3
4,0,0,2,1,2,1,0,0,0,39990,273,30
5,0,0,0,1,2,1,0,0,0,39490,1267,171
4,0,0,2,1,2,1,0,0,0,53990,14,0
2,0,0,2,1,2,1,0,0,0,38990,0,0
0,0,0,2,1,2,1,0,0,0,37990,284,39
0,0,0,2,1,2,1,0,0,0,37890,44,5
1,0,0,2,1,2,1,0,0,0,38990,33,4
1,0,0,0,1,2,1,0,0,0,37990,286,36
5,0,0,2,1,2,1,0,0,0,41990,10,5
0,0,0,2,1,2,1,0,0,0,45990,816,147
1,0,0,2,1,2,1,0,0,0,39990,543,65
5,0,0,2,1,2,1,0,0,0,42490,9,1
5,0,0,0,0,2,1,0,0,0,36990,1178,137
1,0,0,2,1,2,1,0,0,0,53990,299,41
0,0,0,2,1,2,1,0,0,0,36990,20,1
1,0,0,0,0,2,1,0,0,0,38940,758,64
5,0,0,0,0,2,1,0,0,0,39490,634,64
1,0,0,0,1,2,1,0,0,0,39999,4,0
5,0,0,2,1,2,1,0,0,0,42990,17,2
5,0,0,2,1,2,1,0,0,0,49990,24,5
5,0,0,2,1,2,1,0,0,0,41490,1753,165
5,0,0,2,1,2,1,0,0,0,41990,216,21
1,0,0,2,1,2,1,0,0,0,41990,1084,160
0,0,0,2,1,2,1,0,0,0,38490,19,3
1,0,0,2,0,2,1,0,0,0,38990,106,13
1,0,0,2,0,2,1,0,0,0,44990,42,4
1,0,0,0,0,2,1,0,0,0,36490,0,0
1,0,0,0,1,2,1,0,1,0,38970,0,0
4,0,0,2,0,2,1,0,0,0,44900,1029,107
6,0,0,0,0,2,1,0,0,0,38990,53,11
5,0,0,2,0,2,1,0,0,0,44427,0,0
0,0,0,0,0,2,1,0,0,0,35990,0,0
1,0,0,0,0,2,1,0,0,0,40200,48,1
1,0,0,0,0,2,1,0,1,0,40990,3,0
5,0,0,0,0,2,1,0,0,0,42490,0,0
2,0,2,1,0,0,2,0,1,0,23990,61,4
5,0,0,2,0,2,1,0,0,0,71999,97,13
0,0,0,2,0,2,1,0,0,0,39990,181,19
1,0,0,0,0,2,1,0,0,0,41998,529,39
0,0,0,2,0,2,1,0,1,0,41990,0,0
1,0,0,0,0,2,1,0,0,0,39999,0,0
0,0,0,0,0,2,1,0,1,0,39990,0,0
1,0,0,2,0,2,1,0,0,0,39998,10,1
4,0,0,2,0,2,1,0,0,0,42490,5205,561
1,0,0,0,0,2,1,0,1,0,41990,3,0
0,0,0,2,0,2,1,0,1,0,48490,0,0
4,0,0,2,0,2,1,0,0,0,44376,1090,96
5,0,0,2,0,2,1,0,1,0,43900,0,0
5,0,0,2,0,2,1,0,0,0,46690,0,0
1,0,0,0,0,2,1,0,1,0,40990,1,1
5,0,0,0,0,2,1,0,0,0,39990,44,2
1,0,0,2,0,2,1,0,0,0,43990,0,0
0,0,0,2,0,2,1,0,0,0,36990,70,9
5,0,0,2,1,2,1,0,0,0,48500,0,0
0,0,0,2,1,2,1,0,0,0,48990,0,0
0,0,2,1,0,0,2,0,1,0,23490,632,92
4,0,0,4,0,2,1,0,0,0,54238,71,8
0,0,0,0,1,1,1,0,0,0,37990,990,108
4,0,0,2,1,1,1,0,0,0,42990,158,18
4,0,0,2,1,1,1,0,0,0,42990,681,59
0,0,0,0,0,1,1,0,0,0,35990,130,12
0,0,0,2,1,1,1,0,0,0,42990,30,4
0,0,0,2,1,1,1,0,1,0,51990,6,2
0,0,0,2,1,1,1,0,0,0,48990,174,30
0,0,0,2,1,1,1,0,0,0,42990,40,7
1,0,0,0,1,1,1,0,0,0,38990,13,1
5,0,0,2,1,1,1,0,0,0,45990,184,29
4,0,0,0,1,1,1,0,0,0,42490,1296,126
4,0,0,2,1,1,1,0,0,0,43970,571,56
0,0,0,0,0,1,1,0,0,0,39990,2551,297
6,0,0,2,1,1,1,0,0,0,48990,17,3
4,0,0,2,1,1,1,0,0,0,54990,35,3
6,0,0,0,1,1,1,0,0,0,40990,118,17
0,0,0,2,1,1,1,0,0,0,41990,0,0
1,0,0,2,1,1,1,0,0,0,54990,245,34
0,0,0,2,1,1,1,0,0,0,44990,2058,305
4,0,0,2,1,1,1,0,0,0,41250,117,11
4,0,0,2,1,1,1,0,0,0,44990,0,0
0,0,0,2,1,1,1,0,0,0,42990,74,11
5,0,0,2,1,1,1,0,0,0,60790,10,1
4,0,0,2,1,1,1,0,0,0,45650,39,4
5,0,0,0,1,1,1,0,0,0,41990,29,7
5,0,0,0,1,1,1,0,0,0,45490,43,4
0,0,0,2,1,1,1,0,0,0,44990,0,0
1,0,0,2,1,1,1,0,0,0,42990,984,99
4,0,0,2,0,1,1,0,0,0,45490,523,66
4,0,0,0,0,1,1,0,1,0,38799,30,1
4,0,0,2,0,1,1,0,0,0,69267,0,0
0,0,0,2,0,1,1,0,0,0,51649,0,0
4,0,0,2,0,1,1,0,0,0,47990,1605,215
0,0,0,0,0,1,1,0,0,0,40990,4008,519
0,0,0,0,0,1,1,0,0,0,42990,1869,234
0,0,0,2,0,1,1,0,0,0,44890,7,0
0,0,0,0,0,1,1,0,0,0,41490,4008,519
4,0,0,2,0,1,1,0,1,0,50990,0,0
4,0,0,2,0,1,1,0,0,0,48900,1278,135
5,0,0,0,0,1,1,0,0,0,41790,0,0
1,0,0,2,0,1,1,0,0,0,57999,10,2
5,0,0,2,1,1,1,0,0,0,45930,0,0
4,0,0,2,1,1,1,0,0,0,55490,143,15
0,0,0,0,1,0,0,0,0,0,32890,28,4
1,0,0,0,1,0,0,0,0,0,35990,2124,233
5,0,0,2,1,0,0,0,0,0,42490,276,40
5,0,0,2,1,0,0,0,0,0,42190,250,21
5,0,0,0,1,0,0,0,0,0,39490,1917,189
4,0,0,2,1,0,0,0,0,0,43690,4999,490
0,0,0,0,0,0,0,0,0,0,35990,17,0
5,0,0,2,1,0,0,0,1,0,43800,17,0
1,0,0,0,1,0,0,0,1,0,38990,0,0
0,0,0,0,0,0,0,0,0,0,34990,4203,490
0,0,0,2,1,0,0,0,0,0,38900,13,0
5,0,0,0,0,0,0,0,0,0,39990,15,1
5,0,0,0,0,0,0,0,1,0,40890,527,46
1,0,0,0,0,0,0,0,0,0,36990,103,10
4,0,0,2,0,0,0,0,0,0,39990,324,45
4,0,0,2,0,0,0,0,0,0,41990,69,5
5,0,0,2,0,0,0,0,1,0,43970,16,0
4,0,0,2,0,0,0,0,0,0,39790,40,3
0,0,0,0,0,0,0,0,1,0,35590,12,1
4,0,0,0,0,0,0,0,0,0,36490,1146,175
0,0,0,0,0,0,0,0,0,0,38990,1850,216
0,0,0,0,0,0,0,0,1,0,33990,43,7
5,0,0,0,0,0,0,0,0,0,43400,231,26
0,0,2,1,0,0,2,0,1,0,24990,502,93
4,0,0,0,0,0,0,0,0,0,40750,1096,116
5,0,0,0,0,0,0,0,0,0,43000,313,35
0,0,0,0,0,0,0,0,0,0,38000,7,0
5,0,0,2,1,0,0,0,0,0,37990,265,46
4,0,0,3,1,0,0,0,0,1,49279,38,3
1,0,0,0,1,0,0,0,1,0,38999,7,2
0,0,0,2,1,0,0,0,1,0,41500,4,0
2,0,0,2,0,0,0,0,1,0,36999,0,0
5,0,0,2,1,0,0,0,1,0,42900,0,0
0,0,2,1,0,0,2,0,1,0,21490,818,113
5,0,0,2,1,0,0,0,1,0,41480,25,4
0,0,0,0,1,0,0,0,0,0,32990,12,0
0,0,0,2,1,0,0,0,0,0,38680,17,1
0,0,2,1,0,0,2,0,1,0,23990,974,170
5,0,0,0,1,0,0,0,0,0,40390,83,15
0,0,0,0,0,0,0,0,0,0,33990,31,6
0,0,2,1,0,0,2,0,1,0,20490,637,91
5,0,0,0,1,2,0,0,0,0,41490,7,5
5,0,0,2,1,2,0,0,0,0,45490,207,16
5,0,0,2,1,2,0,0,0,0,44490,844,103
0,0,0,2,1,2,0,0,0,0,41890,53,6
5,0,0,2,0,2,0,0,0,0,42990,62,7
2,0,0,2,1,2,0,0,0,0,40990,38,2
5,0,0,2,1,2,0,0,0,0,48990,724,92
5,0,0,2,0,2,0,0,0,0,43590,0,0
5,0,0,0,0,2,0,0,0,0,44690,9,0
0,0,0,0,0,2,0,0,0,0,40990,0,0
5,0,0,2,0,2,0,0,0,0,43990,0,0
5,0,0,0,0,2,0,0,0,0,41390,56,7
5,0,0,0,0,2,0,0,0,0,44290,0,0
5,0,0,2,0,2,0,0,0,0,48999,0,0
5,0,0,2,0,2,0,0,0,0,39990,170,11
5,0,0,0,1,2,0,0,0,0,46390,95,5
0,0,2,1,0,0,2,0,0,0,18990,197,25
0,0,2,1,0,0,2,0,1,0,17990,1180,148
4,0,2,1,0,0,2,0,0,0,26470,232,23
4,0,2,1,0,0,2,0,0,0,27990,596,65
1,0,2,1,0,0,0,0,1,0,29999,19,1
1,0,2,1,0,0,2,0,0,0,25990,84,16
1,0,2,1,0,0,2,0,1,0,16990,414,54
1,0,2,1,0,0,2,0,1,0,24990,70,16
2,0,1,1,1,0,2,0,1,2,50990,10966,1185
2,0,1,1,1,0,2,0,1,0,119990,1,1
2,0,1,0,1,0,2,1,1,0,94190,31,6
0,0,1,0,1,0,2,1,1,2,106167,1881,241
5,0,1,0,1,0,2,1,1,2,68090,23,4
5,0,1,0,1,0,2,1,1,0,139990,0,0
4,0,1,0,1,0,2,1,1,0,55990,818,109
4,0,1,0,1,0,2,1,1,2,102551,0,0
1,0,1,0,1,0,2,1,1,1,46990,4428,569
4,0,1,4,1,3,1,0,0,0,76012,129,16
1,0,1,2,1,2,1,0,0,0,49490,365,35
2,0,1,3,1,2,1,0,0,0,86867,39,3
0,0,1,2,1,2,1,0,0,0,48990,0,0
5,0,1,2,1,2,1,0,0,0,55990,3,0
2,0,1,4,1,2,1,0,0,0,81998,14,3
4,0,1,4,1,2,1,0,0,0,136590,0,0
2,0,1,4,1,2,1,0,0,0,59490,33,7
0,0,1,2,1,2,1,0,0,0,49800,0,0
1,0,1,2,1,2,1,0,0,0,61999,4,0
4,0,1,2,1,1,1,0,0,0,54990,116,15
4,0,1,2,1,1,1,0,0,0,53990,206,17
1,0,1,2,1,1,1,0,0,0,52990,300,24
4,0,1,2,2,1,1,0,0,0,67990,108,6
0,0,1,0,1,1,1,0,0,2,57990,3712,412
1,0,1,2,2,1,1,0,0,0,62300,825,95
1,0,1,2,1,1,1,0,0,0,52990,0,0
1,0,1,2,1,1,1,0,0,0,51990,85,4
1,0,1,2,2,1,1,0,0,0,61990,56,7
0,0,1,2,1,1,1,0,1,0,63990,10,1
1,0,1,2,1,1,1,0,0,0,65990,17,4
2,0,1,2,1,1,1,0,0,0,52990,155,20
1,0,1,0,1,1,1,0,0,0,49990,0,0
0,0,1,2,1,1,1,0,0,2,71990,91,17
0,0,1,0,1,1,1,0,0,0,47990,35,2
1,0,1,0,1,1,1,0,1,0,48490,126,13
0,0,1,2,1,1,1,0,0,2,72990,74,10
6,0,1,2,2,1,1,0,0,2,76990,75,17
0,0,1,2,2,1,1,0,0,3,89990,124,17
6,0,1,0,1,1,1,0,0,2,59990,1597,228
0,0,1,0,1,1,1,0,0,2,65990,3850,378
5,0,1,2,1,1,1,0,0,0,71990,7,1
5,0,1,2,1,1,1,0,0,0,71890,3,0
1,0,1,2,2,1,1,0,0,0,64990,0,0
0,0,1,2,2,1,1,0,0,0,65990,0,0
4,0,1,2,1,1,1,0,0,0,55999,5,1
0,0,1,2,2,1,1,0,0,2,73490,213,45
4,0,1,2,2,1,1,0,0,0,74490,10,0
4,0,1,2,1,1,1,0,0,0,58340,69,6
2,0,1,2,1,1,1,0,0,0,55999,6,0
5,0,1,2,2,1,1,0,0,0,67990,93,9
0,0,1,2,2,1,1,0,0,0,59990,11,2
0,0,1,2,2,1,1,0,0,3,82990,262,31
5,0,1,2,1,1,1,0,0,1,64190,0,0
5,0,1,2,2,1,1,0,0,0,70090,5,1
0,0,1,0,1,1,1,0,0,1,49990,45,3
6,0,1,2,1,1,1,0,0,0,55490,8,1
4,0,1,2,1,1,1,0,0,0,97990,3,1
0,0,1,5,1,1,1,0,0,2,54990,1681,227
1,0,1,2,1,1,1,0,0,0,59990,37,2
1,0,1,2,1,1,1,0,0,0,53990,61,2
4,0,1,2,2,1,1,0,0,0,66999,17,1
2,0,1,2,1,1,1,0,0,0,60990,17,1
0,0,1,0,1,1,1,0,0,0,47990,1625,152
4,0,1,2,1,1,1,0,1,0,59999,4,1
5,0,1,0,2,1,1,0,0,2,79990,0,0
0,0,1,0,1,1,1,0,0,2,63990,0,0
4,0,1,2,1,1,1,0,0,0,63990,17,1
0,0,1,2,2,1,1,0,0,0,59990,0,0
1,0,1,2,1,1,1,0,0,0,55990,0,0
4,0,1,2,1,1,1,0,0,0,63990,3,0
5,0,1,2,2,1,1,0,0,1,69490,0,0
5,0,1,2,2,1,1,0,0,0,89390,0,0
0,0,1,2,1,1,1,0,0,0,74990,0,0
1,0,1,2,1,1,1,0,0,0,64990,48,12
1,0,1,0,1,1,1,0,0,2,66490,282,36
5,0,1,2,2,1,1,0,0,1,89702,0,0
1,0,1,2,2,1,1,0,0,1,70990,67,4
0,0,1,2,2,1,1,0,0,0,58990,0,0
1,0,1,0,1,1,1,0,0,1,57500,0,0
5,0,1,2,1,1,1,0,0,1,79990,23,2
6,0,1,0,1,1,1,0,0,0,56541,677,87
0,0,1,2,2,1,1,0,0,0,59990,3,0
1,0,1,2,2,1,1,0,0,0,64990,46,4
5,0,1,2,1,1,1,0,0,0,61290,4,1
1,0,1,2,1,1,1,0,0,0,54990,9,1
1,0,1,2,1,1,1,0,0,0,59990,26,4
0,0,1,2,1,1,1,0,1,3,84990,5,0
4,0,1,2,1,1,1,0,0,0,72500,40,3
1,0,1,2,1,1,1,0,0,2,59990,44,6
1,0,1,2,1,1,1,0,0,0,87990,28,6
4,0,1,2,1,1,1,0,0,0,57990,1541,123
5,0,1,2,1,1,1,0,0,0,69490,72,7
1,0,1,2,1,1,1,0,0,0,68990,44,8
1,0,1,2,1,1,1,0,1,0,77990,17,2
0,0,1,2,1,1,1,0,0,0,105990,59,11
6,0,1,2,1,1,1,0,0,0,79990,0,0
5,0,1,2,1,1,1,0,0,0,55490,337,27
1,0,1,2,1,1,1,0,0,0,69990,10,2
0,0,1,2,1,1,1,0,0,0,84990,10,2
5,0,1,2,1,1,1,0,0,0,59990,31,7
5,0,1,0,1,1,1,0,0,0,111890,0,0
5,0,1,2,1,1,1,0,0,1,65990,10,0
0,0,1,2,1,1,1,0,1,0,72990,76,14
5,0,1,2,1,1,1,0,0,0,71090,44,6
6,0,1,2,1,1,1,0,0,2,74990,0,0
0,0,1,0,1,1,1,0,0,0,79990,11,3
6,0,1,2,1,1,1,0,0,0,55490,138,16
5,0,1,2,1,1,1,0,0,1,66490,199,17
0,0,1,2,1,1,1,0,0,0,53400,46,6
5,0,1,2,1,1,1,0,0,0,74500,45,5
5,0,1,2,1,1,1,0,0,0,114990,0,0
5,0,1,2,1,1,1,0,0,1,61990,35,4
7,0,1,0,1,1,1,2,0,0,159990,32,5
7,0,1,4,1,1,1,2,0,0,172090,108,13
6,0,1,2,1,1,1,0,0,2,74990,0,0
6,0,1,0,1,1,1,0,0,0,56490,814,112
1,0,1,0,1,1,1,0,0,0,147000,0,0
1,0,1,2,1,1,1,0,0,0,55990,75,9
4,0,1,2,1,1,1,0,0,2,77990,0,0
4,0,1,0,1,1,1,0,0,2,106490,3,0
1,0,1,2,1,1,1,0,1,1,70990,11,3
1,0,1,2,1,1,1,0,0,0,64990,125,11
2,0,1,2,1,1,1,0,0,0,57990,0,0
0,0,1,0,1,1,1,0,0,2,64990,4,0
6,0,1,0,1,1,1,0,0,0,54990,714,147
4,0,1,2,1,1,1,0,0,0,111999,0,0
1,0,1,0,1,1,1,0,0,1,70798,21,3
1,0,1,5,1,1,1,0,0,2,59990,9,1
2,0,1,4,1,1,1,0,0,2,99500,0,0
4,0,1,0,1,1,1,0,0,0,55990,30,4
0,0,1,4,1,1,1,0,0,0,72990,44,4
2,0,1,4,1,1,1,0,0,0,64990,4,1
0,0,1,2,1,1,1,0,0,0,57990,0,0
4,0,1,2,1,1,1,0,0,1,76990,14,2
1,0,1,2,1,1,1,0,0,0,62998,739,71
5,0,1,2,1,1,1,0,0,0,77990,31,5
4,0,1,0,1,1,1,0,0,0,114990,145,19
5,0,1,0,1,1,1,0,0,1,65990,0,0
5,0,1,2,1,1,1,0,0,1,88990,19,2
1,0,1,0,1,1,1,0,0,0,113590,0,0
0,0,1,2,1,1,1,0,0,0,73990,32,6
4,0,1,2,1,1,1,0,0,0,61000,1124,100
0,0,1,2,1,1,1,0,0,0,99990,35,6
1,0,1,2,1,1,1,0,0,0,67990,9,0
5,0,1,2,1,1,1,0,0,0,70799,98,6
1,0,1,2,1,1,1,0,0,0,65990,31,2
0,0,1,4,1,1,1,0,0,0,53690,19,3
6,0,1,2,1,1,1,0,0,0,55990,0,0
0,0,1,2,1,1,1,0,0,0,53190,11,0
1,0,1,0,1,1,1,0,1,1,58999,45,3
5,0,1,2,1,1,1,0,0,1,71990,0,0
4,0,1,2,1,1,1,0,1,2,82000,0,0
0,0,1,2,1,1,1,0,0,0,84990,0,0
1,0,1,2,1,1,1,0,0,1,89998,0,0
0,0,1,2,1,1,1,0,0,0,99990,0,0
1,0,1,0,1,1,1,0,0,2,69899,474,37
5,0,1,0,1,1,1,0,0,2,79990,0,0
5,0,1,0,1,1,1,0,0,2,76300,6,0
1,0,1,0,1,1,1,0,0,0,55999,0,0
5,0,1,2,1,1,1,0,0,0,72900,24,4
5,0,1,2,1,1,1,0,0,0,73990,195,17
0,0,1,2,1,1,1,0,0,0,84990,0,0
5,0,1,2,1,1,1,0,1,1,73519,0,0
4,0,1,0,1,1,1,0,0,0,126000,2,1
0,0,1,2,1,1,1,0,0,3,88990,0,0
4,0,1,2,1,1,1,0,0,0,114999,0,0
5,0,1,2,1,1,1,0,0,1,82990,21,2
2,0,1,2,1,1,1,0,0,0,109999,0,0
1,0,1,2,1,1,1,0,0,0,82990,0,0
5,0,1,2,1,1,1,0,0,1,79990,5,0
0,0,1,2,1,1,1,0,0,0,114990,0,0
4,0,1,2,1,1,1,0,0,0,129999,0,0
6,0,1,4,1,1,1,0,1,3,149990,10,3
5,0,1,2,1,1,1,0,0,1,71290,0,0
5,0,1,0,1,1,1,0,0,0,79500,10,1
5,0,1,0,1,1,1,0,0,1,82990,15,3
5,0,1,2,1,1,1,0,0,1,70980,138,23
4,0,1,2,1,1,1,0,1,0,94000,0,0
5,0,1,2,1,1,1,0,0,1,82990,16,3
6,0,1,2,1,1,1,0,0,0,79990,11,4
0,0,1,4,1,1,1,0,0,0,85990,0,0
0,0,1,0,1,1,1,0,0,1,86990,0,0
0,0,1,0,1,1,1,0,0,1,105990,4,0
0,0,1,0,1,1,1,0,0,0,84990,0,0
1,0,1,4,1,1,1,0,0,1,59999,22,3
1,0,1,2,1,1,1,0,0,0,91999,16,2
5,0,1,2,1,1,1,0,0,0,78900,16,1
0,0,1,0,1,1,1,0,0,0,132790,0,0
1,0,1,2,1,1,1,0,0,2,60990,14,6
3,0,1,3,1,1,1,0,0,0,65556,0,0
5,0,1,2,2,1,1,0,0,0,70190,6,3
5,0,1,2,1,1,1,0,0,1,79590,0,0
0,0,1,2,1,1,1,0,0,2,76990,0,0
3,0,1,4,1,1,1,0,0,0,44990,17,3
0,0,1,2,1,1,1,0,0,0,84990,17,2
1,0,1,0,1,1,1,0,0,1,86999,3,0
4,0,1,2,2,1,1,0,0,1,78000,512,85
3,0,1,4,1,1,1,0,0,0,73063,17,3
4,0,1,2,2,1,1,0,0,2,100990,0,0
1,0,1,4,1,1,1,0,0,0,74990,3,1
0,0,1,0,1,1,1,0,0,2,75990,1365,137
1,0,1,2,1,1,1,0,1,1,84086,8,3
0,0,1,2,1,4,1,0,0,2,75990,368,48
0,0,1,2,1,4,1,0,0,2,77990,202,26
0,0,1,0,1,4,1,0,0,2,77990,187,26
7,0,1,0,2,4,1,2,0,0,179990,31,3
7,0,1,0,2,4,1,2,0,0,179990,91,5
0,0,1,0,1,4,1,0,0,2,82990,844,118
0,0,1,2,1,4,1,0,0,2,87990,0,0
0,0,1,2,1,4,1,0,0,2,84500,3,0
5,0,1,2,1,4,1,0,0,0,74190,21,3
1,0,1,2,1,4,1,0,0,0,64990,4,0
1,0,1,0,1,1,2,0,0,0,155411,0,0
1,0,1,0,1,1,2,0,0,0,125394,0,0
2,0,1,2,1,0,0,0,0,0,49990,0,0
2,0,1,2,1,0,0,0,0,0,46990,253,28
5,0,1,2,1,0,0,0,0,0,48990,470,46
2,0,1,4,1,0,0,0,0,1,59999,118,28
0,0,1,0,1,0,0,0,0,0,46990,1444,179
6,0,1,0,1,0,0,0,0,2,52990,1114,137
1,0,1,3,1,0,0,0,1,1,57999,0,0
1,0,1,6,1,0,0,0,0,0,52490,78,17
1,0,1,4,1,0,0,0,0,2,56990,21,5
2,0,1,4,1,0,0,0,0,1,61990,73,21
5,0,1,2,1,0,0,0,1,0,58090,0,0
0,0,1,0,1,0,0,0,0,0,56990,0,0
2,0,1,4,1,0,0,0,0,0,61597,0,0
0,0,1,4,1,0,0,0,0,0,81990,0,0
0,0,1,0,1,0,0,0,0,0,61249,0,0
5,0,1,2,1,0,0,0,1,0,58990,0,0
0,0,1,0,1,0,0,0,0,1,83990,0,0
6,0,1,0,1,0,2,1,1,3,291190,7,3
6,0,1,0,1,0,2,1,1,3,145990,715,106
6,0,1,0,1,0,2,1,1,4,179990,24,5
4,0,1,4,1,0,0,0,0,1,64990,23,4
4,0,1,4,1,0,0,0,0,0,46790,3062,325
4,0,1,3,0,0,0,0,0,0,44599,122,12
2,0,1,4,1,0,0,0,0,1,72964,18,6
4,0,1,0,1,0,0,0,1,0,48790,11,1
2,0,1,0,1,0,0,0,0,1,56491,30,6
0,0,1,2,1,2,0,0,1,0,50990,1188,127
0,0,1,0,1,2,0,0,0,2,55990,23,0
2,0,1,2,1,2,0,0,0,0,57990,32,1
0,0,1,2,1,2,0,0,0,0,52990,0,0
5,0,1,2,1,2,0,0,0,0,57990,47,0
2,0,1,2,1,2,0,0,0,0,56990,27,2
2,0,1,2,1,2,0,0,0,0,55490,8,3
5,0,1,2,1,2,0,0,0,1,62490,157,20
0,0,1,2,2,2,0,0,0,0,64990,10,1
1,0,1,2,1,2,0,0,0,1,59990,52,4
0,0,1,2,1,2,0,0,0,1,60190,33,4
0,0,1,5,1,2,0,0,0,2,54490,343,47
1,0,1,5,1,2,0,0,0,2,60990,131,17
5,0,1,2,0,2,0,0,0,0,55790,41,4
0,0,1,2,2,2,0,0,0,0,64990,328,51
0,0,1,2,2,2,0,0,0,0,58990,6,1
5,0,1,2,1,2,0,0,0,0,54990,353,28
4,0,1,2,1,2,0,0,0,2,71990,127,20
5,0,1,2,1,2,0,0,0,1,69900,0,0
1,0,1,2,1,2,0,0,0,1,65990,241,19
0,0,1,2,1,2,0,0,0,0,49990,22,2
5,0,1,2,1,2,0,0,0,0,58990,8,1
1,0,1,0,1,2,0,0,0,2,74590,898,128
0,0,1,0,1,2,0,0,1,1,58990,1,1
0,0,1,2,1,2,0,0,0,0,64990,0,0
5,0,1,2,1,2,0,0,0,1,66490,6,1
5,0,1,0,1,2,0,0,0,2,77900,179,34
5,0,1,2,1,2,0,0,0,1,67490,41,5
5,0,1,2,1,2,0,0,0,0,61990,0,0
5,0,1,2,1,2,0,0,0,0,58990,114,9
1,0,1,0,1,2,0,0,0,2,74999,268,25
0,0,1,2,1,2,0,0,0,0,68900,6,1
5,0,1,2,1,2,0,0,0,1,71695,153,16
2,0,1,2,2,2,0,0,0,0,62490,8,0
5,0,1,4,1,0,3,0,0,1,62317,377,53
6,0,1,0,1,0,2,1,1,4,207290,0,0
5,0,4,4,2,2,1,0,0,2,87990,120,21
3,0,4,4,1,2,1,0,0,0,73990,0,0
0,0,4,0,2,1,1,0,0,0,57990,76,9
0,0,4,0,1,1,1,0,0,2,61990,11,2
6,0,4,0,2,1,1,0,0,2,79990,484,56
1,0,4,0,1,1,1,0,0,2,68990,44,2
1,0,4,2,2,1,1,0,0,0,85990,77,10
1,0,4,2,2,1,1,0,0,2,99990,11,3
0,0,4,2,1,1,1,0,0,0,77990,21,5
1,0,4,2,1,1,1,0,0,2,79990,5,2
4,0,4,2,2,1,1,0,0,2,93190,4,0
0,0,4,2,2,1,1,0,0,0,94990,0,0
1,0,4,2,2,1,1,0,0,0,84990,13,2
6,0,4,0,1,1,1,0,0,0,57990,15,0
4,0,4,2,2,1,1,0,0,0,102990,11,2
5,0,4,2,2,1,1,0,0,2,99990,0,0
0,0,4,2,2,1,1,0,0,2,94990,118,15
4,0,4,2,2,1,1,0,0,0,104000,0,0
6,0,4,2,2,1,1,0,0,1,76990,0,0
4,0,4,2,2,1,1,0,0,2,90190,6,1
1,0,4,2,2,1,1,0,1,0,88488,0,0
6,0,4,0,2,1,1,0,0,2,109990,138,30
6,0,4,2,2,1,1,0,0,2,86990,0,0
6,0,4,2,2,1,1,0,0,0,89990,0,0
4,0,4,0,2,1,1,0,0,0,239759,0,0
0,0,4,2,2,1,1,0,0,1,78990,35,4
5,0,4,4,2,1,1,0,0,0,121890,3,0
0,0,4,4,2,1,1,0,0,0,85990,18,0
6,0,4,2,2,1,1,0,0,2,94990,0,0
4,0,4,2,2,1,1,0,0,2,92000,8,1
4,0,4,0,2,1,1,0,0,0,162990,3,1
5,0,4,2,2,1,1,0,0,0,135300,5,2
6,0,4,2,2,1,1,0,0,0,64990,33,5
1,0,4,0,2,1,1,0,0,0,174527,0,0
1,0,4,0,2,1,1,0,0,0,162299,0,0
5,0,4,0,2,1,1,0,0,0,109190,0,0
4,0,4,2,2,1,1,0,0,0,99999,0,0
6,0,4,0,2,1,1,0,0,1,104990,85,9
0,0,4,2,2,1,1,0,0,0,109990,0,0
0,0,4,4,2,1,1,0,0,0,99990,30,7
1,0,4,4,2,1,1,0,0,1,244801,0,0
0,0,4,2,2,1,1,0,0,0,94990,0,0
1,0,4,4,2,1,1,0,0,0,86000,0,0
1,0,4,0,2,1,1,0,1,1,162399,0,0
4,0,4,2,2,1,1,0,1,0,119599,0,0
1,0,4,0,2,1,1,0,0,0,211753,0,0
1,0,4,2,2,1,1,0,1,0,110999,0,0
0,0,4,4,1,1,1,0,0,0,81990,40,4
6,0,4,5,1,1,1,0,0,2,66990,1639,230
6,0,4,0,2,4,1,0,0,3,84990,498,64
0,0,4,2,2,4,1,0,0,1,104990,0,0
0,0,4,2,2,4,1,0,0,0,134990,0,0
0,0,4,2,2,4,1,0,0,2,98990,445,56
4,0,4,0,2,4,1,0,0,3,144690,17,4
0,0,4,2,2,4,1,0,0,0,99990,0,0
6,0,4,2,2,4,1,0,0,3,119990,20,3
0,0,4,2,2,4,1,0,1,2,194990,0,0
0,0,4,0,2,4,1,0,0,1,124990,17,1
5,0,4,2,2,4,1,0,0,1,122410,0,0
4,0,4,0,2,4,1,0,0,0,179990,13,5
6,0,4,2,2,4,1,0,0,2,154990,3,2
1,0,4,2,2,4,1,0,0,0,122990,4,2
0,0,4,0,2,4,1,0,0,3,224990,9,0
6,0,4,7,2,4,1,0,0,4,279990,0,0
4,0,4,2,2,4,1,0,0,2,121990,0,0
4,0,4,2,2,4,1,0,0,2,116990,0,0
1,0,4,2,2,4,1,0,0,3,151098,7,0
6,0,4,2,2,4,1,0,0,4,129990,14,3
4,0,4,2,2,4,1,0,0,0,149999,0,0
6,0,4,7,2,4,1,0,0,3,139990,4,2
2,0,4,2,2,4,1,0,0,3,129990,54,7
4,0,4,2,2,4,1,0,0,4,171990,0,0
5,0,4,2,2,4,1,0,0,1,93955,4,0
0,0,4,0,2,4,1,0,0,4,234990,0,0
4,0,4,2,2,4,1,0,0,0,128500,3,1
1,0,4,2,2,4,1,0,0,0,102990,16,2
0,0,4,2,2,4,1,0,0,0,119990,8,1
0,0,4,2,2,4,1,0,1,3,120980,0,0
0,0,4,2,2,4,1,0,1,3,157249,7,0
1,0,4,5,2,4,1,0,0,2,229900,0,0
0,0,4,2,2,4,1,0,0,3,131500,0,0
0,0,4,0,2,4,1,0,0,0,154990,3,0
0,0,4,0,2,4,1,0,0,0,165990,0,0
1,0,4,0,2,4,1,0,0,0,119990,2,1
0,0,4,0,2,4,1,0,0,0,167990,0,0
4,0,4,2,2,4,1,0,0,0,165000,0,0
3,0,4,0,2,4,1,0,0,0,62990,207,49
1,0,4,2,2,4,1,0,0,0,85990,7,2
4,0,4,2,2,4,1,0,0,1,94990,0,0
4,0,4,2,2,4,1,0,0,3,136990,0,0
1,0,4,0,2,4,1,0,0,4,234990,0,0
2,0,4,0,2,5,1,0,0,4,159990,4,0
0,0,4,0,2,5,1,0,0,0,233990,0,0
0,0,4,0,2,0,0,0,0,1,93990,0,0
4,0,4,4,2,3,0,0,0,2,116941,0,0
6,0,4,0,1,2,0,0,0,2,63990,794,83
0,0,4,0,2,2,0,0,0,2,66990,25,4
0,0,4,2,2,2,0,0,1,0,82500,0,0
2,0,4,0,2,2,0,0,0,3,119990,2038,313
6,0,4,0,2,2,0,0,0,2,159990,0,0
0,0,4,4,2,2,0,0,0,0,98912,0,0
2,0,4,2,2,1,0,0,0,2,92990,214,37
2,0,4,2,2,1,0,0,1,3,119990,342,54
2,0,5,2,3,4,1,0,0,4,169990,0,0
2,0,5,2,2,4,1,0,0,3,139990,0,0
6,0,5,2,2,4,1,0,0,3,192990,0,0
0,0,5,7,2,4,1,0,0,3,299990,0,0
0,0,5,0,2,4,1,0,0,3,269990,8,1
0,0,5,2,2,4,1,0,0,3,139990,0,0
1,0,5,0,2,4,1,0,1,4,265998,0,0
0,0,5,2,2,6,1,0,1,3,441990,1,1
6,0,1,0,1,0,2,1,1,2,86990,218,27
6,0,1,0,1,0,2,1,1,3,109990,78,16
6,0,1,0,1,0,2,1,1,2,109590,5,2
0,0,4,0,2,0,2,1,1,3,146490,2,1
7,2,6,0,1,2,1,2,0,0,85990,6725,629
7,2,6,0,1,2,1,2,0,0,112990,640,70
7,2,6,0,2,2,1,2,0,0,104990,45,4
7,2,6,0,2,2,1,2,0,0,132990,640,70
7,2,6,0,2,1,1,2,0,0,149990,640,70
7,2,6,0,1,1,1,2,0,0,125990,399,45
7,2,6,0,1,1,1,2,0,0,103990,809,91
7,2,6,0,1,1,1,2,0,0,101990,809,91
7,2,6,0,1,1,1,2,0,0,104990,6725,629
7,2,6,0,1,1,1,2,0,0,131990,399,45
7,2,6,0,2,1,1,2,0,0,128990,45,4
7,2,6,0,2,1,1,2,0,0,184990,42,8
7,2,6,0,2,1,1,2,0,0,225990,42,8
7,2,6,0,0,1,1,2,0,0,124990,45,4
7,2,6,0,1,4,1,2,0,0,149990,640,70
7,2,6,0,2,4,1,2,0,0,169990,640,70
7,2,6,0,2,4,1,2,0,0,225990,42,8
7,2,6,0,2,4,1,2,0,0,243990,42,8
7,2,6,0,3,4,1,2,0,0,309990,3,1
0,0,7,1,0,0,2,0,0,0,45990,0,0
0,0,7,1,0,3,1,0,1,0,58100,0,0
0,0,7,1,1,2,1,0,0,0,62990,0,0
4,0,7,1,1,2,1,0,0,0,32990,77,9
0,0,7,1,0,2,1,0,0,0,33990,6,0
2,0,7,1,0,2,1,0,0,0,30990,465,89
5,0,7,1,0,2,1,0,0,0,36000,102,16
0,0,7,1,0,2,1,0,0,0,32990,7,1
5,0,7,1,0,2,1,0,0,0,35990,0,0
0,0,7,1,0,0,0,0,0,0,27990,0,0
0,0,7,1,0,0,0,0,0,0,25990,4741,658
0,0,7,1,0,0,0,0,0,0,25990,2736,350
0,0,7,1,0,0,0,0,0,0,30780,0,0
4,1,8,1,1,2,1,0,0,0,37990,2214,241
0,1,8,1,1,2,1,0,0,0,35990,2886,375
5,1,8,1,1,2,1,0,0,0,39490,34,4
5,1,8,1,1,2,1,0,0,0,36990,137,15
5,1,8,1,1,2,1,0,0,0,39990,7,0
0,1,8,1,0,2,1,0,0,0,33690,170,26
5,1,8,1,1,2,1,0,0,0,40590,0,0
0,1,8,1,0,2,1,0,0,0,37990,39,3
0,1,8,1,0,2,1,0,0,0,34500,2886,375
2,1,8,1,1,1,1,0,0,0,36990,11,2
4,1,8,1,1,1,1,0,0,0,43490,163,33
4,1,8,1,1,1,1,0,0,0,41490,153,21
2,1,8,1,0,1,1,0,0,0,34990,0,0
4,1,8,1,0,1,1,0,0,0,44490,267,42
5,1,8,1,0,1,1,0,0,0,40590,0,0
5,1,8,1,1,1,1,0,0,0,42090,3,0
5,1,8,1,1,0,0,0,0,0,35990,59,12
4,1,8,1,1,0,0,0,0,0,39490,7291,895
5,1,8,1,1,0,0,0,0,0,37390,38,5
5,1,8,1,0,0,0,0,0,0,52632,0,0
5,1,8,1,0,0,0,0,0,0,39990,409,39
5,1,8,1,0,0,0,0,0,0,43990,0,0
4,1,8,1,0,0,0,0,0,0,32917,353,58
1,1,8,1,0,0,0,0,0,0,34990,38,6
5,1,8,1,1,0,0,0,0,0,39990,18,4
4,1,8,1,1,2,0,0,0,0,41999,3524,432
5,1,3,1,1,2,1,0,0,0,41990,939,107
5,1,3,1,1,2,1,0,0,0,44490,14,1
5,1,3,1,1,2,1,0,0,0,41990,649,84
5,1,3,1,1,2,1,0,0,0,44490,8,2
6,1,3,1,0,2,1,0,0,0,49990,0,0
5,1,3,1,0,2,1,0,0,0,44390,276,24
4,1,3,1,1,1,1,0,0,2,57990,4740,532
1,1,3,1,1,1,1,0,0,2,56990,162,15
1,1,3,1,1,1,1,0,0,0,48990,219,27
4,1,3,1,1,1,1,0,0,0,49970,193,28
6,1,3,1,1,1,1,0,0,0,47990,562,89
4,1,3,1,1,1,1,0,0,0,48990,45,5
2,1,3,1,1,1,1,0,0,0,53990,7,0
1,1,3,1,1,1,1,0,0,0,52990,39,5
2,1,3,1,1,1,1,0,0,0,43990,0,0
1,1,3,1,1,1,1,0,0,2,59490,92,10
6,1,3,1,1,1,1,0,0,2,64990,469,80
5,1,3,1,1,1,1,0,0,0,47490,2,1
4,1,3,1,1,1,1,0,0,2,59990,1978,188
1,1,3,1,1,1,1,0,0,2,69990,9,0
4,1,3,1,1,1,1,0,0,2,58990,1049,134
5,1,3,1,1,1,1,0,0,0,59490,74,18
4,1,3,1,2,1,1,0,0,0,67500,196,19
4,1,3,1,1,1,1,0,1,0,48990,17,1
0,1,3,1,1,1,1,0,0,0,62450,172,36
0,1,3,1,1,1,1,0,0,0,58990,324,34
4,1,3,1,1,1,1,0,0,0,57999,86,15
0,1,3,1,2,1,1,0,0,0,56990,4,1
4,1,3,1,1,1,1,0,0,2,72990,16,4
4,1,3,1,2,1,1,0,0,0,65990,104,18
4,1,3,1,2,1,1,0,0,0,98020,0,0
4,1,3,1,2,1,1,0,0,1,63990,90,13
0,1,3,1,1,1,1,0,1,0,49890,6,1
5,1,3,1,1,1,1,0,0,0,49990,47,7
5,1,3,1,1,1,1,0,0,0,59490,0,0
4,1,3,1,1,1,1,0,0,0,73999,206,27
5,1,3,1,0,1,1,0,0,0,60990,183,42
5,1,3,1,0,1,1,0,0,3,76190,358,64
1,1,3,1,0,1,1,0,0,0,74798,0,0
0,1,3,1,0,1,1,0,0,0,58990,88,13
4,1,3,1,0,1,1,0,1,2,68100,0,0
1,1,3,1,0,1,1,0,0,0,77990,0,0
4,1,3,1,0,1,1,0,0,0,55090,364,52
0,1,3,1,0,1,1,0,0,0,91990,0,0
4,1,3,1,0,1,1,0,0,0,84208,0,0
2,1,3,1,0,1,1,0,0,0,44990,313,39
4,1,3,1,0,1,1,0,0,0,53490,826,118
1,1,3,1,0,1,1,0,0,2,76498,0,0
5,1,3,1,0,1,1,0,0,2,98920,0,0
6,1,3,1,0,1,1,0,0,0,54990,1410,203
2,1,3,1,0,1,1,0,0,0,49990,47,6
4,1,3,1,0,1,1,0,1,0,52380,0,0
2,1,3,1,0,1,1,0,0,0,49990,6,1
4,1,3,1,0,1,1,0,0,0,52500,741,67
0,1,3,1,0,1,1,0,0,0,49990,14,2
2,1,3,1,0,1,1,0,0,0,75999,0,0
0,1,3,1,0,1,1,0,0,0,80990,0,0
1,1,3,1,0,1,1,0,1,0,59900,3,0
4,1,3,1,0,1,1,0,0,0,54590,349,69
5,1,3,1,0,1,1,0,0,0,75500,0,0
4,1,3,1,1,1,1,0,0,0,51890,519,48
0,1,3,1,2,1,1,0,0,0,78000,3,0
4,1,3,1,2,1,1,0,0,0,59999,19,1
4,1,3,1,1,1,1,0,0,2,64990,8,1
5,1,3,1,0,4,1,0,1,0,57900,3,1
1,1,3,1,0,4,1,0,0,0,81978,0,0
4,1,3,1,0,0,0,0,0,2,59990,1480,151
5,1,3,1,1,2,0,0,0,0,49490,31,3
0,1,3,1,1,2,0,0,0,0,54990,18,3
1,1,3,1,1,2,0,0,0,2,68500,271,24
0,1,3,1,1,2,0,0,0,0,54990,49,6
0,1,3,1,1,2,0,0,1,0,54990,474,65
1,1,3,1,1,2,0,0,0,0,63990,861,116
4,1,3,1,0,2,0,0,0,2,80000,34,6
5,1,3,1,0,2,0,0,1,0,51990,0,0
0,1,3,1,0,2,0,0,0,0,62990,165,34
4,1,3,1,0,2,0,0,0,0,52990,698,74
0,1,3,1,0,2,0,0,0,0,75100,0,0
0,1,9,1,2,1,1,0,1,2,76990,22,3
0,1,9,1,2,1,1,0,0,2,79990,0,0
0,1,9,1,1,1,1,0,0,2,71990,144,16
0,1,9,1,1,1,1,0,0,2,71990,1810,235
1,1,9,1,2,1,1,0,0,2,99990,26,1
0,1,9,1,2,1,1,0,0,0,79990,0,0
5,1,9,1,2,1,1,0,0,2,93990,0,0
0,1,9,1,2,1,1,0,0,2,82990,1067,145
0,1,9,1,0,1,1,0,0,2,106990,0,0
0,1,9,1,0,1,1,0,0,0,92990,25,4
1,0,9,1,0,1,1,0,1,2,81490,0,0
0,1,9,1,0,1,1,0,0,0,56990,0,0
6,1,9,1,0,1,1,0,0,0,64990,0,0
1,1,9,1,0,1,1,0,0,0,60990,530,69
1,1,9,1,0,1,1,0,0,2,84988,0,0
4,1,9,1,0,1,1,0,0,2,90990,273,40
0,1,9,1,0,1,1,0,0,0,63990,77,7
1,1,9,1,0,1,1,0,0,0,63990,105,10
4,1,9,1,0,1,1,0,0,0,57999,44,5
0,1,9,1,0,1,1,0,1,2,72400,0,0
1,1,9,1,0,1,1,0,0,0,78990,6,0
2,1,9,1,0,1,1,0,0,0,59990,0,0
0,1,9,1,0,1,1,0,1,2,111990,0,0
4,1,9,1,0,1,1,0,1,0,109000,0,0
5,1,9,1,0,1,1,0,0,3,89990,191,27
1,1,9,1,0,1,1,0,0,0,78988,0,0
1,1,9,1,0,1,1,0,0,2,73138,4,1
1,1,9,1,0,1,1,0,0,2,106990,0,0
0,1,9,1,0,1,1,0,1,2,79990,0,0
5,1,9,1,0,1,1,0,0,0,89570,0,0
4,1,9,1,0,1,1,0,0,0,68500,134,22
1,1,9,1,2,1,1,0,0,0,73400,0,0
4,1,9,1,2,1,1,0,0,1,79990,23,6
4,1,9,1,2,1,1,0,0,2,84990,4,2
6,1,9,1,2,4,1,0,0,4,99990,108,24
0,1,9,1,1,4,1,0,0,2,72990,198,24
4,1,9,1,2,4,1,0,0,0,92990,0,0
4,1,9,1,2,4,1,0,0,0,84190,0,0
0,1,9,1,2,4,1,0,0,0,112990,0,0
0,1,9,1,0,4,1,0,1,2,114990,0,0
2,1,9,1,0,4,1,0,0,2,99990,0,0
0,1,9,1,0,4,1,0,1,2,95990,57,3
4,1,9,1,0,4,1,0,0,4,159990,17,2
0,1,9,1,0,4,1,0,0,0,76990,0,0
1,1,9,1,0,4,1,0,0,3,130990,0,0
0,1,9,1,0,4,1,0,0,0,99990,0,0
0,1,9,1,0,4,1,0,0,2,112990,0,0
1,1,9,1,0,4,1,0,0,0,77988,0,0
0,1,9,1,0,4,1,0,0,0,76000,1,1
0,1,9,1,0,4,1,0,0,2,99990,77,15
0,1,9,1,0,4,1,0,0,0,111000,0,0
0,1,9,1,2,4,1,0,0,0,84970,2,1
4,1,9,1,2,2,0,0,0,2,75990,1084,123
2,1,9,1,2,2,0,0,0,3,89990,272,36
2,1,9,1,2,2,0,0,0,2,81990,141,24
1,1,9,1,0,1,0,0,1,0,80490,0,0
0,1,10,1,2,4,1,0,0,3,135990,0,0
0,1,10,1,2,4,1,0,1,0,154990,194,42
0,1,10,1,2,4,1,0,0,4,199990,9,2
0,1,10,1,2,4,1,0,0,2,114990,28,4
0,1,10,1,2,4,1,0,0,3,129990,204,35
0,1,10,1,2,4,1,0,0,2,114990,32,6
6,1,10,1,0,4,1,0,0,0,146990,0,0
0,1,10,1,0,4,1,0,0,0,104990,14,2
0,1,10,1,0,4,1,0,0,2,114990,14,1
0,1,10,1,0,4,1,0,0,2,124990,3,0
0,1,10,1,0,4,1,0,0,0,134990,0,0
4,1,10,1,0,4,1,0,0,4,141990,0,0
0,1,10,1,0,4,1,0,0,0,129990,0,0
0,1,10,1,0,4,1,0,0,2,142990,4,1
0,1,10,1,0,4,1,0,0,0,121990,0,0
0,1,10,1,0,4,1,0,0,2,124990,44,12
0,1,10,1,0,4,1,0,0,3,141990,61,13
0,1,10,1,0,4,1,0,0,2,162990,0,0
0,1,10,1,0,4,1,0,0,0,130500,0,0
0,1,10,1,0,4,1,0,0,2,116990,0,0
0,1,10,1,0,4,1,0,1,3,138990,0,0
0,1,10,1,0,4,1,0,0,2,234990,0,0
0,1,10,1,0,4,1,0,0,0,135990,0,0
0,1,10,1,0,4,1,0,0,0,144990,0,0
0,1,10,1,0,4,1,0,0,2,149990,0,0
0,1,10,1,0,4,1,0,0,2,142990,0,0
1,1,3,0,1,1,1,1,0,0,57490,18,4
